Alice Johnson, alice@gmail.com, 120.50
Bob Smith, bob@outlook.com, 75.20
Charlie Davis, charlie@gmail.com, 50.75
David Miller, david@outlook.com, 95.30
Emma Wilson, emma@gmail.com, 60.00
Frank Brown, frank@outlook.com, 110.80
Grace Taylor, grace@gmail.com, 85.65
Henry Anderson, henry@outlook.com, 40.25
Ivy Martinez, ivy@gmail.com, 130.90
Jack Robinson, jack@outlook.com, 70.45
Kate Turner, kate@gmail.com, 55.10
Leo White, leo@outlook.com, 100.15
Mia Harris, mia@gmail.com, 78.90
Noah Young, noah@outlook.com, 45.60
Olivia Lee, olivia@gmail.com, 115.25
Peter Evans, peter@outlook.com, 92.40
Quinn Reed, quinn@gmail.com, 65.85
Ryan Davis, ryan@outlook.com, 80.70
Sara Turner, sara@gmail.com, 105.35
Tom Baker, tom@outlook.com, 57.50
Uma Johnson, uma@gmail.com, 125.00
Victor Scott, victor@outlook.com, 88.15
Wendy Martin, wendy@gmail.com, 42.80
Xander Lewis, xander@outlook.com, 97.45
Yara Perez, yara@gmail.com, 72.10
Zane Foster, zane@outlook.com, 52.35
Abby Nelson, abby@gmail.com, 82.95
Benjamin Hughes, benjamin@outlook.com, 47.20
Catherine Reed, catherine@gmail.com, 102.85
Daniel Turner, daniel@outlook.com, 68.55
Ella Carter, ella@gmail.com, 55.80
Finn Adams, finn@outlook.com, 87.45
Gabrielle Parker, gabrielle@gmail.com, 62.10
Henry Clark, henry@outlook.com, 110.75
Isabel Wright, isabel@gmail.com, 75.40
Jameson Taylor, jameson@outlook.com, 90.05
Kylie Martin, kylie@gmail.com, 50.70
Liam Brown, liam@outlook.com, 120.35
Mila Evans, mila@gmail.com, 85.00
Nathan White, nathan@outlook.com, 40.65
Olivia Foster, olivia@gmail.com, 95.30
Parker Harris, parker@outlook.com, 65.95
Quincy Lewis, quincy@gmail.com, 78.60
Riley Martinez, riley@outlook.com, 55.25
Sophia Young, sophia@gmail.com, 115.90
Thomas Turner, thomas@outlook.com, 100.55
Ursula Nelson, ursula@gmail.com, 70.20
Vincent Reed, vincent@outlook.com, 87.85
Willa Anderson, willa@gmail.com, 45.50
Xavier Scott, xavier@outlook.com, 105.15
Yasmine Baker, yasmine@gmail.com, 62.80
Zachary Johnson, zachary@outlook.com, 80.45
Amelia Taylor, amelia@gmail.com, 110.10
Bradley Harris, bradley@outlook.com, 75.75
Chloe Clark, chloe@gmail.com, 92.40
Davidson Smith, davidson@outlook.com, 57.05
Eva Turner, eva@gmail.com, 82.70
Felix Nelson, felix@outlook.com, 68.35
Grace Brown, grace@gmail.com, 47.00
Hudson Perez, hudson@outlook.com, 102.65
Ivy Martin, ivy@gmail.com, 55.30
Jack Robinson, jack@outlook.com, 125.95
Kylie White, kylie@gmail.com, 90.60
Liam Miller, liam@outlook.com, 40.25
Mia Harris, mia@gmail.com, 75.90
Nolan Davis, nolan@outlook.com, 60.55
Olivia Lee, olivia@gmail.com, 85.20
Peyton Turner, peyton@outlook.com, 110.85
Quinn Foster, quinn@gmail.com, 70.50
Rebecca Carter, rebecca@outlook.com, 95.15
Samuel Reed, samuel@gmail.com, 52.80
Tessa Young, tessa@outlook.com, 78.45
Ulysses Baker, ulysses@gmail.com, 65.10
Victoria Evans, victoria@outlook.com, 120.75
Walter Clark, walter@gmail.com, 88.40
Xena Taylor, xena@outlook.com, 45.05
Yannick Martinez, yannick@gmail.com, 100.70
Zara Harris, zara@outlook.com, 57.35